id,charging_demand_index
0,1252.4386559152695
1,168.13851583254026
2,422.24348706213743
3,897.3484814714266
4,454.8916935730112
5,68.35793604252363
6,805.2675380108142
7,0.0
8,928.7267478933805
9,323.56245521986716
10,792.2711103863119
11,163.0410780633805
12,832.163539858723
13,923.0775779334721
14,220.04391827968794
15,598.2584990014273
16,222.7701632117603
17,770.8380814996071
18,840.2661562697537
19,934.074369660858
20,263.73411786003874
21,557.467970231336
22,692.6221983003745
23,654.206028767185
24,694.03034986863
25,318.3161469721331
26,316.8259879491522
27,480.4332924915108
28,564.2960058578939
29,339.8337240649736
30,187.419258494825
31,736.8855449928628
32,182.11981670799196
33,546.3471257261278
34,467.53389241281747
35,869.0338026380291
36,1204.6248225831525
37,814.1296722060013
38,969.5351870093709
39,393.680859084685
40,334.3698108608889
41,320.16885320591496
42,935.4641162523144
43,314.6591274472646
44,514.8758299668583
45,918.3723440834617
46,81.5243063929667
47,990.6131280559055
48,1134.616951832766
49,0.0
50,912.7737675144764
51,159.40426975828387
52,198.96157142447083
53,531.3536374697194
54,248.25848310781333
55,0.0
56,963.6193927805581
57,121.87954427561152
58,0.0
59,412.0533206892742
60,1011.3374163073706
61,0.0
62,162.9751997347251
63,804.8863322588252
64,457.8317211859716
65,661.4023670547326
66,1236.825873813858
67,199.50609610632262
68,848.140360537066
69,830.9124989453308
70,1558.5787920268112
71,172.07415133488556
72,771.8709593910169
73,0.0
74,0.0
75,0.0
76,273.22876855562134
77,1207.232668675626
78,2355.0018227111
79,1231.899597728178
80,0.0
81,721.2637059024906
82,632.1172363699243
83,553.8020952789486
84,0.0
85,215.94708470356164
86,322.2027395155545
87,481.01811773220084
88,604.9645372824385
89,258.0830236105516
90,1231.9927207540195
91,259.2208386527605
92,0.0
93,323.72538069005304
94,289.63278476139465
95,260.6286539924559
96,664.8964066561435
97,263.1163882334551
98,174.3065687632014
99,662.9612489923716
100,0.0
101,856.808224806284
102,298.601286692163
103,63.350618665164504
104,455.5398612283351
105,1062.0511888546573
106,992.8597628464353
107,793.917065459658
108,763.8107688464281
109,0.0
110,0.0
111,0.0
112,124.64785433803291
113,763.3102864459925
114,618.8004683638896
115,256.03437824496007
116,793.4038077244738
117,1281.103337155852
118,813.516354859212
119,239.0700715669858
120,606.607052677377
121,736.4847802165843
122,149.27687873529402
123,153.77128177360626
124,106.03264780883055
125,198.26597456311384
126,907.5790900639988
127,513.0482584352173
128,881.6858369388312
129,711.7768637118666
130,1012.2981576488522
131,509.2891704278625
132,681.8849512140174
133,497.21454115883193
134,817.424509980842
135,170.07485837421726
136,373.7752722186596
137,584.5664579941622
138,303.1099530920542
139,374.1377630585855
140,146.71437957046066
141,643.1615944376051
142,118.81156141056502
143,849.8390758691007
144,398.89476251454613
145,595.8383554676532
146,169.10055739246135
147,1043.9375207088083
148,785.8618899207936
149,165.8679098094659
150,0.0
151,391.4460068908486
152,263.53921931269633
153,153.89464769097233
154,1140.4139211382783
155,567.6293750347737
156,786.8517248068624
157,340.9686350430252
158,795.3946536399371
159,1060.0870245278293
160,1416.741146349536
161,860.7887148219859
162,830.8293144981352
163,429.34042999067606
164,809.5763355004358
165,901.4250270893298
166,1346.2844862726895
167,455.14602289305043
168,306.011641946011
169,517.081825915601
170,0.0
171,326.135538210434
172,739.8411720514249
173,0.0
174,419.3988612460686
175,561.2193836147482
176,244.2594299159535
177,0.0
178,510.4478215447292
179,355.98906271070297
180,607.3285220863044
181,212.07849960808687
182,723.692669526112
183,117.06698780892603
184,809.4500529807458
185,338.3480897273339
186,973.9192994862801
187,364.54042485879665
188,441.7195540169083
189,473.25255531136406
190,671.0108928324862
191,262.968395250742
192,1078.780956333784
193,971.6238836272612
194,337.05609559430263
195,325.5100941912008
196,531.12922654148
197,488.1773703350856
198,664.9229645533691
199,468.64448790747053
200,695.7574163663146
201,985.7315140374862
202,1112.4744665314915
203,0.0
204,220.51070445994338
205,976.559100046946
206,804.0809539034235
207,152.4164611456752
208,313.37997292846
209,148.58926585449166
210,60.45179415324439
211,763.6472160355659
212,1284.8480479450573
213,0.0
214,435.19736911463883
215,397.8165137156874
216,0.0
217,143.27418380918664
218,512.601497367203
219,735.8838242805335
220,0.0
221,766.8388385147384
222,0.0
223,672.5040814266981
224,486.4727301416143
225,1258.7322809555405
226,328.8051400601984
227,1087.773068829917
228,362.911814602277
229,917.6481737735332
230,238.8010637413212
231,456.82263435503455
232,424.56661408503413
233,544.210817692969
234,896.1564564401106
235,1752.7976525338718
236,502.1274167078063
237,223.06259963273953
238,0.0
239,498.1456999080734
240,159.41420203308277
241,565.1682772468173
242,844.1011927429804
243,290.488596623935
244,619.6383242123245
245,407.6189210676023
246,762.6096071131994
247,156.41039340194558
248,1170.0908978565271
249,0.0
250,469.83866676177905
251,948.3926222156044
252,233.85813695354483
253,849.0635039631985
254,137.4992630030452
255,193.72878269273576
256,870.1114390649008
257,694.9984469424202
258,1521.9884549079206
259,742.7736432450241
260,1226.5281270369605
261,633.2343792002489
262,807.3420619971514
263,0.0
264,527.7284637687388
265,341.39700478972725
266,897.6277213525867
267,451.3412474284281
268,148.30695866702928
269,1019.2848213825885
270,755.3389619023928
271,1543.3405856580503
272,406.4331690846448
273,211.6439930639948
274,221.93329238751448
275,258.7058593875811
276,324.6524644020704
277,1084.4285510657369
278,632.7481745863302
279,650.1593827717716
280,907.5071336582815
281,654.027695039485
282,520.4619564175904
283,406.64498249992914
284,326.41274967919475
285,1458.056533514178
286,365.0916194250706
287,0.0
288,852.4614643722969
289,0.0
290,519.7209603562977
291,0.0
292,609.0735441030479
293,0.0
294,182.39946859454494
295,684.420901208912
296,663.9979093199648
297,722.6184414739228
298,1025.7705639730125
299,685.0318239866556
300,337.743098313019
301,253.3788336553734
302,1025.7424756975781
303,181.64646186689947
304,786.2478919587645
305,709.1201701787098
306,560.3346313721428
307,139.93932430213147
308,486.7379257157137
309,554.5436341613912
310,716.5332739303665
311,312.4732212949857
312,169.1811114804368
313,816.7280239573588
314,0.0
315,209.53303257878773
316,1061.0856602028593
317,0.0
318,0.0
319,507.2842471770658
320,0.0
321,101.18544183729031
322,1617.7820602098654
323,200.48411878324154
324,842.9642071317729
325,517.8520270598771
326,1090.5968418423463
327,219.12476041078574
328,995.2121349238519
329,482.6774985734084
330,314.0233880663249
331,320.93661916591554
332,439.57216105657284
333,717.093636592704
334,183.77615685038748
335,697.1303411812647
336,1220.4944864290078
337,748.8219712025007
338,652.6535202747622
339,450.1226193070671
340,416.89812141153266
341,690.2585373797602
342,322.36834328299324
343,574.1020134218561
344,205.20069072353817
345,464.1079299451044
346,1111.0429717724496
347,820.9152543861313
348,905.4051502039156
349,875.643235062803
350,870.4689186959681
351,0.0
352,0.0
353,796.027455560648
354,1430.5027786834303
355,444.9413857220028
356,724.2391527379135
357,486.8300934225731
358,242.18113362506418
359,436.5368515016978
360,658.9830362916398
361,947.2234445469867
362,345.3044956195613
363,224.08940498430468
364,272.09019062178356
365,1051.5071515847164
366,529.1143200529294
367,241.73416597332692
368,947.5320614985746
369,705.1138712037391
370,732.2682650121067
371,1011.7641508793022
372,348.55244839946647
373,1354.6760233256136
374,1086.3158866817037
375,365.07762582882845
376,504.4307646006232
377,611.0797380876465
378,1012.2348719094214
379,1037.2571012684903
380,892.6001722024828
381,224.40681885395708
382,389.52125982785327
383,774.0312578838718
384,819.5242434947638
385,61.30432549878161
386,379.34477384039616
387,283.3728081616233
388,970.3745195563654
389,950.6182067347212
390,987.9850585501333
391,59.90281070678208
392,926.3466075721144
393,294.3593524272165
394,0.0
395,695.8278882711114
396,1103.0054053614213
397,262.55509154728105
398,752.5705213806355
399,190.0571825286876
400,0.0
401,409.86848389035737
402,437.32784822004925
403,351.146743240927
404,352.5730078462974
405,773.5187370133872
406,852.831952593608
407,1225.9629789730395
408,402.6167032798974
409,0.0
410,0.0
411,506.2235353969527
412,945.0793240816403
413,166.49037659051913
414,571.8659507661167
415,673.0881733601163
416,185.6571814731275
417,1158.013575265186
418,496.1216335613741
419,786.6527802905351
420,328.44652556598174
421,0.0
422,132.0232100929188
423,356.7236183992111
424,888.7179288067634
425,236.80020015891125
426,1023.8697258198172
427,665.2443718830219
428,672.7666491491583
429,1098.8187582607063
430,596.3087621451958
431,337.1012833613877
432,905.5388239375213
433,364.0934286926005
434,1473.4455266769298
435,214.96953105704233
436,780.33212462824
437,795.6413159548329
438,749.5221645186878
439,1066.605260000144
440,159.48361392502272
441,180.87379048954082
442,917.1574677337227
443,317.39118718489044
444,0.0
445,810.0683205034311
446,894.5907423367464
447,0.0
448,226.9583559909113
449,388.1575222230006
450,735.6922834190441
451,419.6095789415551
452,176.6240914899024
453,164.095679934916
454,306.809401577038
455,0.0
456,1057.3143646959181
457,1350.1455527998119
458,850.0374156540383
459,218.99434462850002
460,944.6173264450356
461,139.08880023153802
462,0.0
463,0.0
464,1588.7380215958704
465,881.7539050904334
466,752.3279524096672
467,207.55562275787022
468,377.45870328606645
469,544.2480612194645
470,113.15553202743047
471,936.3915874295703
472,231.83140761935098
473,686.2409476206119
474,496.38836876939456
475,208.61075562310188
476,221.50775109091197
477,624.4647239808428
478,394.7957273428534
479,0.0
480,1801.340555247239
481,535.4031446754709
482,269.7388170679477
483,0.0
484,397.19306685675457
485,432.93136548614126
486,809.7389627952853
487,949.9882432677505
488,315.96487874673846
489,733.305836560586
490,545.2318700339163
491,1555.7585417289888
492,0.0
493,170.17731570418292
494,0.0
495,159.6003589798696
496,503.8035946777471
497,730.8643214447478
498,642.5529003036432
499,1129.2839510221424
500,508.0795719235216
501,356.8372665270806
502,995.0193776496108
503,895.788203029087
504,0.0
505,870.3678917296743
506,262.61058385015536
507,0.0
508,172.69299334436687
509,403.8898411289483
510,331.06475066262294
511,1049.5882422462023
512,0.0
513,191.44619224049939
514,0.0
515,0.0
516,89.48230927377733
517,1063.580419392307
518,142.4444182998222
519,758.5017466794001
520,238.78509834876868
521,462.3105311797177
522,98.18402320145154
523,806.0768303926603
524,918.1729529221055
525,0.0
526,379.7654811477518
527,702.9363836038115
528,0.0
529,384.97696254946453
530,676.2913796925031
531,607.4980065458011
532,0.0
533,687.46653269937
534,895.3339485762481
535,719.8250114249566
536,545.6000896238326
537,740.6980077614598
538,72.47348743899475
539,281.5514630275615
540,875.249629054807
541,780.3990904243901
542,1145.8511198928286
543,1055.857669886849
544,1027.408694050324
545,0.0
546,819.4283218948356
547,691.0067623496262
548,123.99438989947288
549,1016.1268361622874
550,677.7575136555301
551,454.515766947887
552,876.2574458332851
553,335.9710179451358
554,1359.6048918441088
555,1092.0775849629217
556,1140.7766705977167
557,1150.1921894352668
558,1214.9643004981078
559,458.04075083204197
560,887.5329870869242
561,201.79622279333745
562,569.3972651566781
563,502.0514806158555
564,127.21671140156305
565,0.0
566,205.3469621268482
567,484.57878756051076
568,147.58389665929988
569,1262.7674992810971
570,619.0764095695704
571,704.6569859417696
572,0.0
573,129.7408071875107
574,908.3308523153917
575,157.93635735054897
576,762.4465779276095
577,304.2072903148512
578,494.76179712310886
579,727.3832293132739
580,527.0737157272072
581,250.9802940153732
582,80.16402956850017
583,150.66014700656365
584,799.7265718034545
585,1031.6525022377186
586,760.3400959122957
587,447.75340162867974
588,627.4032771934465
589,676.2505290164737
590,0.0
591,436.75283263485346
592,0.0
593,120.26242151627679
594,501.7147486363085
595,641.3265115847322
596,598.612280354667
597,145.68770949331508
598,101.19864302769318
599,99.76644002786715
600,517.9094070063661
601,768.2423582118374
602,22.80263511509739
603,511.31824827088076
604,1197.6512862556215
605,152.17919986995446
606,0.0
607,590.8610347842421
608,184.44025152021777
609,564.4235712304679
610,735.805379736672
611,307.85190370688633
612,0.0
613,133.16507402203604
614,0.0
615,305.455927309257
616,1321.982424649906
617,575.2786564201125
618,709.3208265739
619,1969.1830035100877
620,891.7450875215977
621,439.32020427762484
622,342.8849670671759
623,95.03745785321513
624,610.285149878601
625,652.4061228474235
626,127.51686250175973
627,502.95279956830933
628,943.9818530466447
629,1058.3726348551327
630,252.64638759479567
631,0.0
632,127.76269408812843
633,474.0266456894648
634,979.3448853209077
635,827.3585750270161
636,887.8247003665904
637,1159.206386071791
638,1018.5978892181203
639,701.5158222396387
640,507.10924911137727
641,278.0028551418104
642,0.0
643,754.3548172074726
644,563.6573465778263
645,239.85091693648837
646,743.5648452045306
647,365.2983334037407
648,960.5930629569593
649,617.6303504617362
650,491.9335145850618
651,646.9836322463061
652,228.64938322609652
653,957.1559948958143
654,772.3089593981756
655,228.54438825758444
656,0.0
657,831.0329942754142
658,558.3727442754899
659,763.329452200811
660,1763.7141707842284
661,230.14778257285477
662,1114.5375908426422
663,0.0
664,325.22367192321065
665,0.0
666,234.33105790014105
667,757.6727386123866
668,704.7790630661445
669,456.79480479732945
670,648.6975788338518
671,418.0056927049916
672,579.7616701463342
673,595.6888194029473
674,334.3163467893738
675,736.267373712664
676,365.1945766420789
677,514.0529039523005
678,252.73954526542542
679,1008.1850184128602
680,599.241586784443
681,102.78911968407314
682,552.0131731549229
683,797.1568732844196
684,778.3237656820579
685,315.9573793882819
686,977.5875988564186
687,504.63028345736916
688,654.1881122230023
689,968.2596668485082
690,1018.2043252726999
691,297.8122709016066
692,1017.9986169522535
693,1266.3356336397474
694,982.9708034872752
695,440.6713162911438
696,72.79542903657651
697,75.12657530164333
698,912.2481599082233
699,1892.1190148070766
700,2085.9888392989924
701,446.29395560583487
702,503.557128641788
703,128.25623265460376
704,918.6887618934122
705,557.5349643772429
706,978.9340916606168
707,132.6863028375921
708,930.5678200050152
709,248.20006507290492
710,523.7290448946658
711,184.9853604347678
712,724.4317727645755
713,1068.4812293789132
714,157.4809691975734
715,1046.8896246444478
716,313.9688502703337
717,482.28207019872445
718,210.00511418444543
719,464.55616113847145
720,130.33175370474214
721,936.6640322347421
722,238.48469595415082
723,880.1680863096217
724,161.64641602525262
725,467.98854762721885
726,411.3750075137405
727,1527.5878311537092
728,767.7833451887835
729,1034.3185037964786
730,544.5812348437122
731,197.5421624528926
732,335.0863423054837
733,742.1391625875574
734,1187.4270687669623
735,860.533420965987
736,0.0
737,394.77840299692275
738,624.3789347989264
739,1272.344516993945
740,1257.3037691746076
741,1216.5903352102926
742,1289.742005553434
743,155.14379764766514
744,605.0922553842532
745,171.46586792679088
746,735.1723775091955
747,1211.4195539735165
748,0.0
749,210.2858095603625
750,657.350719684729
751,835.715871870147
752,0.0
753,983.3582874886833
754,756.6944622321415
755,362.5205291259447
756,760.0751914985887
757,0.0
758,554.6857543608251
759,450.5031391028893
760,159.74015717278704
761,0.0
762,1322.2025703307513
763,468.4343278828287
764,169.69301031769095
765,1142.012809183977
766,1274.1173029198344
767,378.53913452930556
768,691.2679019611581
769,911.7252527999568
770,852.2501112290882
771,0.0
772,746.6638238102938
773,935.3585052531694
774,380.8658969288352
775,220.20516030524817
776,482.59536698662373
777,542.5335199863653
778,928.8490538947963
779,483.15186037216546
780,965.109593429135
781,347.51500025279074
782,0.0
783,318.2760454845858
784,1062.9652006026688
785,288.1726738274448
786,336.1186578977921
787,928.6433907801177
788,946.7146347679976
789,665.919636290629
790,154.85296967416616
791,814.6209594402224
792,853.044959347245
793,1065.8285047158874
794,621.2572477501317
795,781.229266103845
796,0.0
797,885.6312678893638
798,1477.7900833250628
799,534.909067896874
800,1295.2856652194525
801,723.8990741716291
802,208.53787662620402
803,0.0
804,912.6519527566011
805,781.7510825392171
806,347.4878956701123
807,573.6575194535387
808,60.703889035876784
809,755.2023625340627
810,701.3067818182903
811,448.67298898362395
812,328.6610919966736
813,293.7683961233268
814,388.5735913333458
815,378.04746909183143
816,590.9564834712126
817,801.6084085397558
818,641.2555158414979
819,368.56483959197726
820,431.6834287711401
821,0.0
822,631.6595567590202
823,725.4867653075569
824,542.3180949848986
825,144.9124030263992
826,665.3365702140095
827,0.0
828,442.1114864018128
829,789.6551078076983
830,1343.1819360891823
831,794.2115355905785
832,800.6164465561347
833,0.0
834,263.00145885316243
835,495.5643474086978
836,0.0
837,150.06160845248885
838,1040.8749746264982
839,792.1809970105564
840,845.1430188737297
841,426.99231863491775
842,907.5343722277736
843,628.661610752584
844,281.93386806684134
845,336.95522818145264
846,823.0777611556985
847,385.36958139891
848,347.5061065104501
849,1102.6205730279296
850,374.2067536987046
851,243.508096166256
852,428.16637593069083
853,766.892883100585
854,1256.6086286049276
855,233.2595874390899
856,941.8090836387215
857,782.5728562539615
858,642.6625248942796
859,465.204183305383
860,0.0
861,0.0
862,768.0586628918066
863,117.52136562830134
864,149.13327924324793
865,0.0
866,560.4844405460177
867,508.9504893396579
868,0.0
869,762.4844425597464
870,176.0242454842773
871,595.3121457379657
872,132.56551491599885
873,899.4934991084679
874,0.0
875,183.66442217253348
876,1331.5964680772454
877,806.1575232988378
878,189.49427486264324
879,171.46451725661652
880,1133.6125158940658
881,472.651797222511
882,435.9443749337703
883,790.3364937347935
884,833.8913791271852
885,0.0
886,138.94411569193068
887,435.0827710744825
888,559.7282387482924
889,609.6824422789042
890,0.0
891,883.4416407412612
892,321.7180737348206
893,360.2968195642149
894,181.90718342656587
895,707.3900633570408
896,789.194740691067
897,417.17736154867794
898,366.15852736694757
899,742.3970183368779
900,818.0686377832681
901,0.0
902,550.1767427077785
903,108.98855358582998
904,979.5536333647347
905,722.748739043993
906,2087.5040021309605
907,745.6006894724549
908,976.7529412555857
909,334.8042418106986
910,323.5804624100059
911,139.01628162095824
912,1109.2392099791587
913,648.4266129470248
914,0.0
915,941.7967130661166
916,2268.6101427369786
917,224.5139984745839
918,180.13220208362165
919,240.85594070261035
920,330.1817823307689
921,304.65112444111423
922,280.1252359084753
923,132.42648764288435
924,237.36897434966443
925,0.0
926,594.5804858584899
927,1183.494511972816
928,165.87010887752632
929,1130.368226141086
930,1138.6373636003152
931,0.0
932,0.0
933,912.4738894856432
934,621.7700817600441
935,228.90189115487274
936,343.6774718150243
937,225.96252601319648
938,577.0723314357965
939,653.2587951528333
940,171.42156132165553
941,669.906799303317
942,819.0716278034232
943,345.12126429802333
944,1977.6183678940774
945,371.53241983206044
946,412.47356668083637
947,0.0
948,0.0
949,331.29183791102605
950,143.83681486166563
951,350.0575433525009
952,194.99341158922493
953,335.84818252005334
954,228.57118179118675
955,662.0511612558016
956,427.49534880661605
957,277.47428755613015
958,554.3015626360597
959,560.5198141510971
960,346.7050169921172
961,1399.074012589058
962,1038.4961033362797
963,150.41169847015013
964,0.0
965,481.2639495854471
966,1160.5475580595617
967,432.84002777808774
968,247.2365705346046
969,379.26048360516876
970,0.0
971,351.74971247170464
972,340.8037913314062
973,263.08493418759906
974,166.70341396901864
975,253.6018827620753
976,282.87391907358653
977,787.3586413904694
978,947.2309096509456
979,201.5689992550333
980,894.1653049826195
981,955.025760685385
982,876.5456132972865
983,0.0
984,179.41253564260163
985,229.5836619426898
986,0.0
987,979.0205274499144
988,869.7160249832967
989,0.0
990,156.07978093371568
991,366.58016951849766
992,478.99350989794607
993,970.512427760195
994,876.9212606058036
995,861.193925836256
996,660.2439071247973
997,392.55884288926757
998,323.6405934540469
999,659.2054772264412
1000,0.0
1001,845.6043885055783
1002,979.2363843203966
1003,178.5291462920096
1004,201.8972276260069
1005,499.96312007150016
1006,521.0342851282361
1007,474.18709829997465
1008,347.6452992807025
1009,199.45593714766912
1010,808.1264378986872
1011,313.1149576213879
1012,960.8393619160565
1013,335.0409849472237
1014,1008.4081080100707
1015,990.2320593300182
1016,155.79276281269472
1017,423.34395734734494
1018,826.5497689896087
1019,953.4356530594762
1020,572.2729218883028
1021,580.4691180698785
1022,619.5584141965948
1023,0.0
1024,251.6297440551616
1025,167.23734993594917
1026,185.98030012845118
1027,840.8752380153899
1028,0.0
1029,317.8802260513928
1030,803.5562095368389
1031,404.15784280444615
1032,0.0
1033,190.1143903049496
1034,1442.9983428334408
1035,161.26859243972746
1036,553.8919943304422
1037,324.8821242298085
1038,268.7352527155774
1039,367.2318137253052
1040,581.1837954642598
1041,1245.2757952276156
1042,115.88402839152238
1043,564.773744801351
1044,715.805608761013
1045,218.22496540767
1046,767.7506909829928
1047,422.7838477689847
1048,501.9459937693738
1049,903.6368653793261
1050,0.0
1051,1036.3752918202085
1052,0.0
1053,1359.95811032317
1054,766.4776191121106
1055,972.1771895713246
1056,712.8271926007326
1057,738.4876202486435
1058,391.0640178047465
1059,1055.2606395009202
1060,641.6880002943888
1061,929.8642819440457
1062,195.28268026556077
1063,451.8112094453063
1064,1787.881264260457
1065,0.0
1066,749.457505424805
1067,936.7549963127276
1068,814.1192008999815
1069,479.0404264894182
1070,0.0
1071,181.43119923823127
1072,0.0
1073,950.6330043604012
1074,75.20546191659825
1075,729.8396255506602
1076,973.6647427681298
1077,236.44043227718845
1078,167.93446552368758
1079,1248.0070608867275
1080,0.0
1081,0.0
1082,285.38637421643375
1083,158.07430788460604
1084,456.4433904814033
1085,111.25686504033288
1086,634.6163489345547
1087,536.8179606398348
1088,810.9278431721355
1089,624.5242409752523
1090,212.0630107479816
1091,1018.2930684522987
1092,165.8587830107765
1093,786.281717365689
1094,836.9517227512519
1095,0.0
1096,413.4852416160799
1097,802.1048595310895
1098,1311.2438360531958
1099,418.1876891512857
1100,124.55759242562678
1101,417.61649943428347
1102,624.4568484104994
1103,843.9132798239755
1104,2113.428527936012
1105,355.1246537884998
1106,0.0
1107,420.60684462486165
1108,1162.5007244571434
1109,331.3467668379899
1110,641.0137848422103
1111,582.7678403586947
1112,797.3302585803582
1113,898.298430482285
1114,0.0
1115,203.9606733847733
1116,74.88449117483768
1117,471.8782921589364
1118,0.0
1119,1121.969484247785
1120,715.5275895733541
1121,374.23263803808106
1122,196.73572706978266
1123,660.8174729791424
1124,560.7145725116263
1125,568.6746237467371
1126,666.2632854608129
1127,0.0
1128,610.8458576751319
1129,858.0895785330564
1130,166.62270779170706
1131,76.16998017196644
1132,704.4659274899096
1133,228.5565807903385
1134,605.1166363281659
1135,544.2155206646221
1136,1264.118402485697
1137,1456.7113237958124
1138,1012.8483921010201
1139,245.1828123831669
1140,624.0974443480463
1141,253.76780729114594
1142,89.02723420384773
1143,423.73551809226274
1144,74.71280055990839
1145,143.20131655316442
1146,318.17775129224833
1147,332.06881226724045
1148,0.0
1149,517.4066681225584
1150,394.62944478841666
1151,759.4090665100214
1152,176.22767552842677
1153,0.0
1154,818.7634963710773
1155,400.4932717717218
1156,373.1951091804931
1157,162.76655011205366
1158,975.3389809647201
1159,577.4014170962564
1160,0.0
1161,733.0016211386228
1162,0.0
1163,825.5422527265707
1164,389.8683035176957
1165,1181.47017852197
1166,0.0
1167,387.7883241411312
1168,425.1761143117924
1169,633.1575968131024
1170,910.501162220517
1171,309.10202038435534
1172,375.5369747305632
1173,820.8605873386268
1174,833.586795656796
1175,258.23582851857765
1176,242.87995327114896
1177,380.01454930664715
1178,808.9319333606428
1179,561.1397945671694
1180,284.4793401326111
1181,1045.2002220161469
1182,1246.8143055089504
1183,1100.6224142007372
1184,708.5422995068957
1185,665.9898114501225
1186,167.94979287075117
1187,664.2048053146314
1188,330.4091938898107
1189,519.3836249996559
1190,553.271882997359
1191,747.7396161674924
1192,190.0242775045767
1193,770.8159856738587
1194,750.7971678439305
1195,0.0
1196,962.2203119543018
1197,667.4946857250264
1198,567.7552483315889
1199,413.4696838553971
1200,151.5174318476028
1201,0.0
1202,1460.1493810052605
1203,342.77233935779554
1204,293.51384907363274
1205,1133.5083541454837
1206,1109.3103802805776
1207,78.76802239269045
1208,851.8043501380616
1209,892.4491147807528
1210,128.1533328398668
1211,1192.741339664918
1212,779.1556488047203
1213,0.0
1214,716.0839523581352
1215,1141.9188144674488
1216,970.522296857676
1217,0.0
1218,315.1293147763589
1219,224.40786465824894
1220,0.0
1221,1390.603823763367
1222,0.0
1223,799.4746033192619
1224,67.35644663885188
1225,734.8067560659255
1226,0.0
1227,670.4677646193645
1228,552.8822366002142
1229,1121.1912834556467
1230,386.37654974610734
1231,1230.5785450773915
1232,536.9813399314277
1233,727.0195747061848
1234,856.7581403372158
1235,0.0
1236,925.7167943697068
1237,337.6160097783891
1238,335.4109489988815
1239,150.33309570717464
1240,937.7594627985363
1241,166.3207194273413
1242,55.579543656985805
1243,0.0
1244,526.3028780587252
1245,167.7214907114017
1246,164.7685382113759
1247,873.73556733123
1248,680.7710305697597
1249,1049.324936134783
1250,228.40849858099594
1251,1246.085735715494
1252,639.9044884706327
1253,173.7592093760893
1254,311.18414110689173
1255,836.7163461864614
1256,1289.935932833588
1257,0.0
1258,87.20226692746833
1259,756.4693131834437
1260,168.31288551960856
1261,491.5256847263415
1262,0.0
1263,820.0069231955472
1264,700.8645866580816
1265,138.17875968136502
1266,1189.3566135428514
1267,436.11458182567463
1268,1036.0691101012183
1269,375.5105100438486
1270,626.7086216888197
1271,0.0
1272,0.0
1273,943.4161175308027
1274,364.1618826904431
1275,967.8347205520054
1276,294.7473105759435
1277,1362.861549535741
1278,701.2176362221435
1279,596.7870103908713
1280,177.52579557242666
1281,483.36606609385956
1282,463.9906505772309
1283,427.483362538275
1284,265.0102741164303
1285,1555.777675469731
1286,408.96273248358625
1287,612.0692607494213
1288,757.5009851720952
1289,1182.8424476906282
1290,714.3397942699478
1291,126.41972607017918
1292,876.8679543392312
1293,419.70360206748524
1294,0.0
1295,701.390720453712
1296,499.32863037334585
1297,140.0477290754014
1298,176.92303765949163
1299,196.21659270552217
1300,559.6313170330993
1301,414.6240574346457
1302,338.07432953163413
1303,173.16025658735174
1304,1903.4555678482868
1305,345.1565482873011
1306,406.5234945546475
1307,1315.2033696384412
1308,0.0
1309,590.7998004495281
1310,711.3128692684853
1311,424.56379579166605
1312,775.5272000499004
1313,384.8754769394239
1314,1218.376597884811
1315,229.03066763273
1316,193.27517667771116
1317,865.7279422173374
1318,520.5618802377865
1319,159.19588331416563
1320,0.0
1321,0.0
1322,441.65594111753944
1323,0.0
1324,234.24209402013332
1325,723.3891180639007
1326,881.2070384236154
1327,484.1419993502939
1328,974.9546333123528
1329,189.56238483429004
1330,153.68246720578117
1331,428.3717956879476
1332,1331.5244547531258
1333,490.9886565812892
1334,238.5602636184675
1335,438.196607263681
1336,166.806953948827
1337,356.46235725372316
1338,291.8343451355844
1339,0.0
1340,705.5552648649594
1341,706.4642522652175
1342,0.0
1343,418.9942351745385
1344,1075.5740628691242
1345,0.0
1346,150.814910551676
1347,741.1112384950721
1348,1030.6771275333956
1349,782.7788361279012
1350,0.0
1351,876.8149659149062
1352,428.912878686
1353,543.2947809184707
1354,0.0
1355,840.4853119156353
1356,178.27245265900126
1357,477.14474354265434
1358,557.5424612941729
1359,853.7013776996388
1360,218.46917742550903
1361,952.0727962538525
1362,207.11941864443517
1363,1410.9380787922653
1364,822.1974769269295
1365,1343.99384159173
1366,286.57624858420587
1367,244.72072970943685
1368,992.0702809287011
1369,567.9823132470674
1370,0.0
1371,121.50461411917541
1372,840.3405972872674
1373,983.5814895245489
1374,0.0
1375,917.6358423524574
1376,837.9824383604171
1377,1414.7095316413079
1378,1131.9837191091488
1379,0.0
1380,929.9572135351245
1381,922.7215686224235
1382,720.0945611888803
1383,194.13011708452973
1384,213.4214158463402
1385,0.0
1386,198.4293522634327
1387,1038.222089963237
1388,352.2846076902713
1389,356.94119051203137
1390,440.5182840519617
1391,150.03166503294642
1392,1155.1766470007947
1393,639.1294734295625
1394,1167.6894788061009
1395,419.32204239676054
1396,1109.4978450967033
1397,335.08942162356504
1398,174.8434533314184
1399,0.0
1400,137.54880921102588
1401,0.0
1402,991.3290305812257
1403,610.1724151137533
1404,814.8129241360388
1405,533.1404398694416
1406,788.5797073293691
1407,705.7738003977834
1408,1352.7687609093798
1409,0.0
1410,450.9748666617297
1411,169.10524104222742
1412,261.2297225683359
1413,783.7530126619588
1414,756.3205077621556
1415,196.58078605605996
1416,700.6809686133591
1417,238.19861607723152
1418,931.7521787927714
1419,1159.0416485374653
1420,226.13718354148153
1421,473.2376616565887
1422,661.5347573318306
1423,668.8335956481569
1424,566.5434131543585
1425,183.59327659832496
1426,375.16111395804023
1427,449.74620250990256
1428,589.1794810092482
1429,985.1142737485306
1430,1235.3137814451327
1431,452.2391636368188
1432,206.29685006309614
1433,643.7979174131681
1434,188.25115698844286
1435,147.93050111465436
1436,294.4368924662093
1437,0.0
1438,647.9793181544549
1439,440.7688353085004
1440,315.07386483144654
1441,1193.430529685777
1442,241.47190046314768
1443,1486.2780407714697
1444,611.4844800184268
1445,1615.4799462990359
1446,391.4970383759811
1447,572.2866634059961
1448,1058.1712431169806
1449,327.2987640831458
1450,273.0646901056475
1451,695.7282004454692
1452,0.0
1453,0.0
1454,535.7893150445441
1455,612.2236287907313
1456,596.1997842607416
1457,155.4052209130293
1458,0.0
1459,174.13218716715585
1460,310.19729742416183
1461,317.5512944539137
1462,228.8792062866315
1463,1165.5312832411182
1464,667.5550821739073
1465,0.0
1466,486.0003341498108
1467,207.05134817592267
1468,1060.5093166392464
1469,864.7184058064119
1470,651.4109464345889
1471,0.0
1472,486.1590198794412
1473,1276.9419721598424
1474,684.2291575165243
1475,517.3966622470296
1476,697.3687409063868
1477,0.0
1478,1138.262553358271
1479,1081.5477717957924
1480,868.9028799727536
1481,1148.2985228170044
1482,666.9678751247675
1483,0.0
1484,0.0
1485,420.1789924173934
1486,155.3144222680981
1487,536.0769864331974
1488,367.41669014235606
1489,175.07316134735404
1490,152.9398459690841
1491,587.0551802292072
1492,596.4932779672591
1493,879.9211065175507
1494,460.23954096499745
1495,827.9422319796414
1496,968.166072594989
1497,0.0
1498,0.0
1499,258.43202868196806
1500,0.0
1501,780.7628883188995
1502,144.0348402263437
1503,53.30527324145965
1504,356.28206033608745
1505,134.5466758204256
1506,684.9688372084461
1507,107.35443526207703
1508,123.40293112103916
1509,824.1035764448959
1510,748.2442422677632
1511,328.4085710225655
1512,383.9495037359563
1513,260.19747838046993
1514,907.9932505552899
1515,0.0
1516,1006.403136253924
1517,316.76570713809434
1518,884.940558191795
1519,436.6014237301119
1520,0.0
1521,0.0
1522,496.1049028914159
1523,802.0456923231378
1524,439.7859027631233
1525,215.35194777064615
1526,1022.6608869390823
1527,1343.718822488936
1528,560.9616821584332
1529,677.1522385223898
1530,793.425638306555
1531,1360.7165178498094
1532,728.4962499232994
1533,686.998160003157
1534,231.00519200994313
1535,752.3972534760198
1536,634.851159242233
1537,794.0737221321118
1538,910.4386235457193
1539,262.5102335648906
1540,233.05169348421
1541,1164.3269529650697
1542,0.0
1543,1090.885539988784
1544,214.93374438928063
1545,431.6823574422873
1546,359.7220211402705
1547,746.7846158504195
1548,330.74414051032073
1549,556.429814001944
1550,0.0
1551,192.7328591344814
1552,1096.8681607794613
1553,596.0057896541263
1554,173.8098224194061
1555,453.0074635838415
1556,948.6210799627927
1557,889.6068960575794
1558,761.146122414708
1559,0.0
1560,620.8292020242072
1561,880.3354006394326
1562,738.3895231619086
1563,118.69032470253623
1564,85.58804837840485
1565,163.40412488790247
1566,337.1824530210983
1567,947.689046359984
1568,331.5596797104049
1569,133.43310853073203
1570,968.7885996885636
1571,327.2123402053566
1572,275.3061051473547
1573,281.8470767221718
1574,0.0
1575,628.8230846152135
1576,796.155557387543
1577,588.7755505039216
1578,523.4666381196514
1579,778.614696540606
1580,0.0
1581,1169.1397261344152
1582,637.2801251833165
1583,135.88870851489662
1584,517.128379080032
1585,0.0
1586,61.373462597775706
1587,249.49680048774087
1588,380.56876325006147
1589,331.02598825815727
1590,773.1840202742324
1591,350.1493721536934
1592,1081.4529734116863
1593,542.1377002795704
1594,1324.4238954612338
1595,559.8056991393084
1596,613.1809327360846
1597,313.640873645164
1598,949.260020322579
1599,739.7959636169983
1600,682.3189996999356
1601,365.7499352162636
1602,529.1358895794066
1603,113.61430021640706
1604,590.4612105671042
1605,176.40518985193773
1606,918.3534186088214
1607,0.0
1608,0.0
1609,296.2635382568598
1610,163.25604439581863
1611,890.2600927813501
1612,974.990373989129
1613,1010.855605688513
1614,103.91174806811108
1615,286.0573437144198
1616,817.0150822795144
1617,425.36629161281076
1618,0.0
1619,690.0192702832048
1620,1267.895607622105
1621,1204.3601687801004
1622,0.0
1623,362.60014075603914
1624,430.95864375291785
1625,1052.059958189852
1626,361.84390024502454
1627,0.0
1628,718.3691652160904
1629,0.0
1630,727.9403390036432
1631,1151.0207574096162
1632,1069.497661415965
1633,404.92642815940746
1634,943.3881567382623
1635,809.1383821677684
1636,232.85173302099028
1637,290.55376030079634
1638,546.4031900463954
1639,0.0
1640,611.9322523181397
1641,0.0
1642,0.0
1643,359.2681665832123
1644,0.0
1645,334.18936217303485
1646,286.98408418156816
1647,1284.3487280734669
1648,0.0
1649,601.6039577746311
1650,902.034482059876
1651,264.202549418744
1652,989.368990256313
1653,1243.7754246324064
1654,685.4262415083366
1655,929.5002526003682
1656,329.0658417986814
1657,1155.0240498448761
1658,341.48050738735856
1659,857.3339614796176
1660,0.0
1661,728.1105817399002
1662,668.2798402051174
1663,819.6809344356382
1664,765.851464806602
1665,1048.3874855614085
1666,294.3593524272165
1667,1301.0990070781631
1668,0.0
1669,421.9575201428537
1670,1002.6608441743485
1671,983.169802281915
1672,1142.5724914054551
1673,773.0296296859565
1674,652.8997109598571
1675,772.1385724752408
1676,489.82934022358654
1677,827.0024473497838
1678,233.44269461767132
1679,1203.0507743441924
1680,215.79931573264633
1681,864.6622883443599
1682,619.6284898010194
1683,908.6191056382659
1684,386.5359546719435
1685,730.0791897245797
1686,357.1565007538683
1687,790.1687216332052
1688,0.0
1689,374.43628733234425
1690,842.0188061275534
1691,1013.9709857306719
1692,1009.0969709634783
1693,177.470057552276
1694,919.1338016706728
1695,499.3971152117184
1696,1016.8659470318166
1697,151.63955176136693
1698,878.7891121948651
1699,1114.2292781246729
1700,857.917250290326
1701,800.5331718771736
1702,764.8651986933603
1703,206.39070696717462
1704,595.1069958450668
1705,1103.524189875674
1706,677.1803181941817
1707,0.0
1708,986.0303390633821
1709,511.6662909116415
1710,194.60247766367013
1711,885.1708434908219
1712,440.5827082141344
1713,353.86988671022687
1714,568.5435625568718
1715,295.60458956435764
1716,835.3664131325003
1717,765.3312540816282
1718,177.20124979321295
1719,845.3168777509455
1720,373.00733735450393
1721,830.2208949982949
1722,567.1207168759009
1723,0.0
1724,84.62191493842444
1725,1989.354665120778
1726,272.3812814649093
1727,714.711962742231
1728,683.5761636385463
1729,619.4947270461425
1730,598.5894417802396
1731,501.11796625772433
1732,211.68801793832557
1733,559.2756820965519
1734,406.10021001710396
1735,595.3421065223829
1736,0.0
1737,0.0
1738,192.76031157196456
1739,323.7402148075541
1740,847.391778680842
1741,163.19302475338574
1742,858.9280814883734
1743,985.1330025940356
1744,0.0
1745,168.51838954693346
1746,220.820917050431
1747,842.2755758648799
1748,652.5522791708203
1749,318.2572502298783
1750,1344.2313331745027
1751,453.2730666662386
1752,183.00212817752202
1753,376.706709815094
1754,0.0
1755,0.0
1756,539.2113995878588
1757,115.77286520776158
1758,705.0923806137948
1759,0.0
1760,0.0
1761,347.1058708481469
1762,410.64651372234323
1763,227.3659288260805
1764,0.0
1765,240.27587463436296
1766,937.4005120456407
1767,609.5349120497006
1768,0.0
1769,320.7020315735091
1770,391.3537780798579
1771,375.10491991427205
1772,1425.9209860710343
1773,500.2408203611087
1774,873.3398745230039
1775,0.0
1776,978.4158992000971
1777,327.56815427432525
1778,696.6659036966099
1779,779.6705841536115
1780,857.6406645203009
1781,0.0
1782,1120.1880594511297
1783,100.64438918583076
1784,1479.8599535222243
1785,1035.099025266392
1786,396.6804346479586
1787,865.3687862580807
1788,974.5568232194006
1789,340.4294918222033
1790,293.3498838580529
1791,0.0
1792,169.11218961062355
1793,98.59885024210388
1794,0.0
1795,292.6988846907031
1796,347.37212960887774
1797,699.2120280454047
1798,1298.8434064166504
1799,668.5671102775532
1800,859.8103435772327
1801,703.4565617644248
1802,148.41902860340093
1803,889.2300473269925
1804,0.0
1805,981.869492539176
1806,389.5557344692198
1807,737.0487800038983
1808,0.0
1809,0.0
1810,424.4632396751039
1811,178.13418519148752
1812,1091.9118370206215
1813,472.38763973425193
1814,0.0
1815,1043.1870966623526
1816,454.8253081211468
1817,1109.7844678199199
1818,442.92116284810004
1819,546.4720893513894
1820,848.8330291290229
1821,335.1476747406108
1822,792.019793110886
1823,342.7071818917101
1824,702.7510187866084
1825,600.2009251425987
1826,1037.4431939501064
1827,533.0125945747477
1828,146.43455049185215
1829,0.0
1830,990.7369154132873
1831,180.0370986080614
1832,370.1603810559998
1833,564.5636317997491
1834,781.0742400467079
1835,244.88105174587884
1836,392.6482038097813
1837,433.9510010848075
1838,352.7309672308929
1839,0.0
1840,1138.5733743489113
1841,0.0
1842,861.3112873003269
1843,804.2487455969476
1844,340.6338079064396
1845,90.00204095027391
1846,611.089998952197
1847,201.7609653005544
1848,704.1842617486174
1849,180.0879698492305
1850,2360.5268999185373
1851,145.89622221803523
1852,572.1343130084999
1853,0.0
1854,0.0
1855,313.85110363272395
1856,0.0
1857,0.0
1858,294.71499536938654
1859,920.4638162280985
1860,475.28020718230584
1861,898.1252482984531
1862,492.144110641407
1863,163.33374374589982
1864,486.01900646857825
1865,0.0
1866,614.8649636438918
1867,665.4809690546227
1868,1040.6332406224783
1869,837.0623187735932
1870,224.14302639472947
1871,223.5110262500459
1872,265.34327955305855
1873,576.1614812422839
1874,761.0577409377768
1875,142.22669219320707
1876,206.00776347784614
1877,137.91985054501336
1878,388.05436466754554
1879,265.00996007512896
1880,1076.3204171495095
1881,388.192706601471
1882,616.6140287960741
1883,991.4555091369928
1884,448.91938274822644
1885,0.0
1886,1029.341125909532
1887,186.66176307554792
1888,680.4977756148733
1889,0.0
1890,111.26739799743396
1891,792.2519545812742
1892,0.0
1893,510.5908294711253
1894,556.1366325708859
1895,993.6669781304897
1896,1083.887130696756
1897,0.0
1898,427.3519585379782
1899,167.36150732137992
1900,189.4548770414683
1901,920.6494232270528
1902,750.4714948710398
1903,109.45873497474315
1904,431.64823206448244
1905,174.36670258359374
1906,555.2760882410922
1907,201.00866073219296
1908,887.9129967123581
1909,971.3888350127722
1910,406.64423458283227
1911,0.0
1912,216.1837258627963
1913,551.9128077791436
1914,0.0
1915,0.0
1916,303.22242018596035
1917,1074.2695492792875
1918,398.482111562266
1919,96.18114956924461
1920,672.3702221651539
1921,526.4118701159992
1922,749.9128889724777
1923,554.1741206481738
1924,1167.2412502816642
1925,863.6268180801887
1926,140.07440029792244
1927,846.7858935013637
1928,0.0
1929,1513.299988074938
1930,811.8688043909086
1931,1373.347025700241
1932,1014.5824484636128
1933,317.72477534087443
1934,155.5735359896816
1935,976.1054339135276
1936,951.5004931307326
1937,264.19605283505683
1938,409.7847398460128
1939,321.9889341721276
1940,983.4665231460654
1941,599.7713037460028
1942,439.11909269333466
1943,557.4435456090708
1944,888.9742914507
1945,971.8513582030133
1946,913.3828345773527
1947,730.5800484116178
1948,687.7604691061631
1949,1005.846357593504
1950,825.4532058968493
1951,0.0
1952,0.0
1953,964.821595145505
1954,1021.5385462163622
1955,971.8051535569368
1956,1028.818760650939
1957,866.168053120771
1958,0.0
1959,994.45564282316
1960,506.919937488154
1961,338.92699252263947
1962,383.46898856239454
1963,112.41202386054619
1964,758.6126243812736
1965,893.0080586881959
1966,719.4000961231893
1967,248.378839153975
1968,412.51358346242387
1969,801.0680159949042
1970,218.55154878841884
1971,410.0931703147468
1972,855.602765907864
1973,499.3094152290505
1974,449.3580041779142
1975,389.75247238123666
1976,304.91758442119783
1977,886.8499369079791
1978,769.9621231990388
1979,115.16147396155543
1980,844.1575503573465
1981,556.4839645500625
1982,455.2792507309119
1983,984.0887258702132
1984,221.3627411133199
1985,886.3662013009539
1986,1005.2230508290431
1987,0.0
1988,0.0
1989,79.64650171672349
1990,609.1209888699074
1991,228.0141445147205
1992,0.0
1993,415.0678583038189
1994,1332.5126157881764
1995,1478.6842720155853
1996,924.8226056003998
1997,768.4128253052103
1998,625.7378161814174
1999,740.745980311095
2000,277.20857594165557
2001,144.7860037303436
2002,1162.8686308260435
2003,596.7867641450808
2004,686.3787027420178
2005,498.23624483563526
2006,488.87674865875624
2007,997.1561238807159
2008,46.433934475304234
2009,0.0
2010,250.66278945848532
2011,969.5922383377051
2012,234.70351139337794
2013,0.0
2014,964.3659274650988
2015,754.1586010860533
2016,564.4123847788126
2017,293.34807583060416
2018,0.0
2019,464.36507949377744
2020,0.0
2021,565.5576835733967
2022,420.6075643423219
2023,356.3508584453594
2024,238.39800715308866
2025,429.1678316623445
2026,1627.8859724165488
2027,286.6665047308183
2028,152.4600473963146
2029,369.44029929019365
2030,922.039935507293
2031,362.4353289398082
2032,668.2338137159893
2033,91.45288231703651
2034,163.57726450203793
2035,354.44389786402724
2036,577.8091567777113
2037,353.82279750911437
2038,1251.624220520275
2039,170.41345981147253
2040,139.95852948486785
2041,681.0278403017801
2042,1930.6933343915262
2043,186.72947684621295
2044,644.5542689272828
2045,873.0498696906724
2046,378.09958914123797
2047,664.8847502250082
2048,169.9966953357358
2049,146.60781866082328
2050,376.82923911956186
2051,0.0
2052,358.15205316213184
2053,1102.8101775361754
2054,595.9758878239528
2055,200.3110232040379
2056,260.4338597550176
2057,649.765025674896
2058,613.8427711670709
2059,490.67135934943065
2060,1254.108237158648
2061,175.7756527838553
2062,118.43251863233948
2063,482.9034974199471
2064,563.2823281494825
2065,142.80286741326466
2066,0.0
2067,299.15918873319515
2068,1184.1176520024628
2069,204.3441313052115
2070,1125.02792059299
2071,323.75657835055824
2072,486.6435793608265
2073,981.1918263720983
2074,257.2784033256552
2075,212.2371792857446
2076,821.9050194797007
2077,74.69087916176547
2078,1125.037544855959
2079,520.1786817941447
2080,136.50176674702365
2081,524.1107641417369
2082,235.89403728258992
2083,366.7622884247081
2084,1275.0969789239252
2085,503.7491176395303
2086,848.2667983316474
2087,161.4448426136126
2088,1203.1213651015514
2089,1574.2397710361531
2090,221.51121218029817
2091,298.85268027634515
2092,377.54349634086816
2093,890.5090487638236
2094,0.0
2095,134.66476200137132
2096,587.9466916038252
2097,508.19987549867983
2098,558.791106416578
2099,1001.0190280428671
2100,514.3725510963442
2101,861.8561616137619
2102,161.89379345508434
2103,129.98950901639682
2104,535.496765344061
2105,730.592671241364
2106,885.0233321203214
2107,224.62697081848435
2108,955.8038572905183
2109,130.85382683056133
2110,173.99572847691752
2111,1633.338619742684
2112,821.6181413365412
2113,1315.373174189829
2114,1172.4263038250826
2115,690.6599645695036
2116,794.6770062834559
2117,190.8854702447498
2118,480.457960697677
2119,0.0
2120,972.1299516949271
2121,310.69498701601253
2122,358.8194224303868
2123,321.80354423529786
2124,451.54195239206547
2125,355.6291744181668
2126,732.298105115686
2127,154.25738353498127
2128,248.782288909469
2129,0.0
2130,353.15746040220324
2131,1042.1324861536505
2132,149.66908381886554
2133,956.5590237644328
2134,381.19807274395134
2135,1009.4567986055104
2136,828.7092506291461
2137,252.38577882384544
2138,193.99691382140892
2139,187.6656505891256
2140,671.4992734346898
2141,0.0
2142,176.15776722819004
2143,810.6678926507097
2144,764.1427015612746
2145,838.4166866633798
2146,0.0
2147,0.0
2148,108.513383823416
2149,1272.6249356490039
2150,670.5498998871486
2151,68.3789184114169
2152,0.0
2153,780.8496611764854
2154,220.74228836513691
2155,209.33423363686603
2156,558.9887900507532
2157,859.2686521361873
2158,420.94418118693056
2159,346.3238648373707
2160,407.1638334036942
2161,564.5014486162365
2162,423.1913447036617
2163,229.9120358344248
2164,1324.769791173716
2165,2334.170289230967
2166,968.9436892148026
2167,845.9297756560811
2168,0.0
2169,0.0
2170,1079.4658623971195
2171,966.1354323262213
2172,0.0
2173,1499.9742955518295
2174,326.34480347972766
2175,540.2617485230224
2176,143.74258560068154
2177,1337.9211774014927
2178,544.635837465486
2179,689.954619772294
2180,397.59423272238496
2181,1235.38198011694
2182,855.8392011658782
2183,183.89760793444614
